Metric,Mean,Median,Std
Total counts,2366.900390625,2197.0,1094.2620849609375
Genes detected,846.9940740740741,817.0,282.104964124512
MT percentage,2.215132474899292,2.02963924407959,1.1654382944107056
