parameter,posterior_mean,posterior_median,ci_lower_2.5,ci_upper_97.5
pve,0.052792,0.036739,0.001641,0.184375
pge,0.508527,0.522278,0.034116,0.9814
rho,0.565362,0.588847,0.055451,0.990746
pi,0.001118,0.001017,0.000591,0.002228
n_gamma,16.71,15,6,34
