Cluster,Cell_Type,N_Cells,Percentage
0,T cells,1125,42.64594389689159
1,Monocytes,667,25.28430629264594
2,NK cells,481,18.233510235026536
3,B cells,340,12.888551933282791
4,Platelets,25,0.9476876421531463
